0n3day,4d19a6c8-cddc-435e-9482-52f4ad730a27
0ogalix,c467ae7f-9e04-4f9a-b081-13a666ab4a01
_akuma,c35a8766-2765-4af0-8da2-b8de59dc4019
_bigmac13_,71f48507-e975-46df-805c-b7c0800eff7f
_heroes_,2b37cd3b-b40e-42a0-8fd6-6f3cc9cf4349
_plasmapvp,bccad7b9-8d37-42df-804e-2e15d1a30eba
_spacecake64_,769f34b6-5ea3-4d2f-9364-5a7849c6ee61
acasacri,9004c831-dfe2-4223-bb27-9542e8cb7715
achemd78,de52a6d8-3bc6-4b34-b902-cf77be097548
acid84,9057be0b-affc-48db-bef1-b7d7b7e05900
adele155,bb375b1a-5c79-4c00-ba8f-63518bee8793
aeloan,ca66d7a7-eefd-4b68-beba-1e5e4dd57a19
aidenaa18,9ceb7ca2-2404-47d1-95e3-79c1c4f022a7
ainoze,6f2e0721-bf2a-48a2-a2bd-0f2ec49edc07
airtod,567f1195-9543-48bd-b333-c8d0b5974b83
aiyorichrno,05ff602b-3101-40d8-b0ed-fcbb33d11882
alandragon59,48fac011-082f-43b9-b2ba-b87529d87244
alazake06,32338b28-d7af-4423-b57e-f04d7a9282dc
alban38,8efd4c34-2f7a-44e9-8154-863262424cb8
alex1349,d1ed3e76-e634-4876-90a1-03d8cb203b69
alex62290,6b0068b4-aa1d-4d99-891a-59d02f7bf199
alexandre7644,dbed952d-8c50-4d78-866a-50f6e361f52d
aloucie,d9923ff8-52b8-45bd-ad6b-5cc8a5479417
amiral69,f4494e0e-0c86-44f3-b59f-11c5a35205ab
amonder31,329d3e9d-97b1-4753-a172-352114d0ff28
amoule07,df7575ec-b629-41e1-a021-2b4ea75b2be5
anatol48,ea6e9809-03ba-4596-9fcf-c410673592a0
anthonygameur,015c9744-be43-4e91-8b70-afdee9452e86
antokiller24,b195423f-2cbb-40ab-a48a-adca4c58db20
antoninipaul,889ed8e3-39d2-4a87-9ca9-c947ede3d032
antonyot,51a0ffd3-2701-4096-a8bd-0ba54e084890
apachero,c89ee5b5-4054-4ee3-aa0d-37624e6d805d
aquaar,5fcd37c4-850e-4fb6-a8d4-727f3acef1a9
aqualex56,ac7c33a8-18ec-4e99-b06d-9a7b87b0a5ab
arcprisme95,78cd9436-dd1d-4084-a0e3-4dd669239a0d
arcues902,bfb8c877-02fb-4d5a-8aaa-c07223e25932
arizonn,5255c472-9506-4f08-9bca-0679c60bbd26
armm975,d4e896cf-308d-4f3b-a618-065e2e90ea5f
arsenic62,c728b9e0-5afc-425d-904a-8fce1dae531c
asefth04,8cff0753-2ed5-4f3d-840d-0570e782ad90
asid_games,824709a5-b3c4-4d29-b27f-b44ad4ad60c9
astar685,620670c8-15d7-4c4a-92dc-f2859d91154e
athena0200,2a71d8e8-4b9d-421b-8ad6-64934eb0fafa
axel85,ec534196-a124-4de4-a268-c03671ba0ecd
axfuzions,38677684-76e1-47c7-997e-ce937f3123f6
axou18,a807e419-e1fa-4700-9306-ae6cd8c306f8
azium_black,f01c15a3-d517-4a37-9e28-842205421794
b1azinox,af79c245-2b3b-45a9-ae38-6e2743af7d84
babacar49,4c672e40-3050-468f-b247-55546011353f
babinouche74,890f5574-5d18-4d11-9e51-cc623367819e
bagal21,954daea5-e9b5-49e6-9855-d2c26e299c2c
baldouille,35dd9528-54ca-470d-be98-97beaebd5ca9
bananefri,92979d75-3e6e-4701-be7b-e8133279a79b
baptista06,2325cf32-d5a9-40c1-9f27-5fa08a38bae9
baptlefoufou,b197a09b-40ec-408c-8977-cdb9dc5da7ef
bartaz,887ad986-99ac-472c-b66f-e17fcfcb0924
basis312,b3c910b9-1478-4831-a9b0-6591fc800918
bastimus007,90e51ae2-c278-4e71-929b-d86b1e8143fb
belaralith,30168cb9-50eb-4bf2-95fd-5177ee8ebc4f
bergil2a,9a064c12-026b-413d-ba30-a4c50edef060
big_foot851,bc872543-b574-498d-966a-198715139828
bigbobo02,0b1cd3a7-81c5-4b11-b58b-c7d21dcdaa0e
bigcrevette,287509a3-49a3-4b45-98d1-e2ed9a865124
bilbo0611,d2809f2b-37e3-4072-af5d-028934340d2e
birdsoffires,cc1f889f-200f-462a-a413-ebfd7888a613
black_pandaa,208c10c1-18ff-4fd8-91df-82bebb49a11b
blackilleur,8d707165-388c-4058-9d55-d95a601a6acb
blaxk_xstraz,0bf37683-1709-4afa-8169-7fd9ff634a0d
blazinox,fbcf8c36-c843-4a09-8b86-2f79274da3c0
bleu00,596d4b1f-66de-4629-8a3d-ccebadd2cf8a
bleudiamant63,ccbaeb5d-6158-4295-9f0d-258ec7425f3e
blue59184,7eb80d9a-dfbb-4c7b-ac57-5aba2cb9c5dc
bobo79,634c6d52-b3ae-4a38-846b-9be025560f86
boobaalex,503317f8-6d95-48aa-8b7c-f9afe4079628
botmathieuxd,4b9373a0-4e08-452c-828e-7c04b127d8c2
bouloups,be2e3c60-f4f4-41d6-a475-3a16c9467a3a
bouun,b63257ce-62ff-41d1-814b-af73d9417580
brakmejac,f2a581ee-243c-4bc3-8579-da09c17d6ebb
brussolite,10de54de-1e5e-43e7-8c3f-c21a71ef8d82
bunnylover1152,c87413d0-bcc6-41d0-8f64-acb1a6d2b195
byswerk,73506556-4d64-4bbf-9b7c-003f5dd42da5
camillecraft,a4756599-6aa5-4aee-a792-14bbe3d311b5
camillogr,d43de5b1-fd0d-4408-b47e-678da70b4cdd
capla_10,dd2e3935-9c27-49e8-986b-8df870fbf869
captainjack_56,38b1d0ec-9557-45db-b845-611f437e6b07
carl59189,ab86874c-394c-412a-8ac0-2f8945da6720
carmidas68,a63cca19-d4b9-41e5-a8af-8b0869a47281
ch_amonix,678f0ee0-72cb-40de-a903-a21518e85b3e
chamalo2003,4d6e362d-4405-4217-9b97-88edcfb739e2
chaospl4y,705cb76d-a026-4526-af24-a42e23b0b256
charlesbidou,37c2294e-5c0c-424f-967e-8771f0dc6354
chezpas4,e9cfb806-6165-48bf-9835-07d84d1d9e7a
choual_astronome,a6108ce7-66e9-4eaa-a1f9-e00b5f126a9f
chris68570,890d8400-c398-47f5-a551-81820892177c
chuck3193,a4b9803a-eb7a-4a3d-b0b9-b159c4543a37
chychou,a0c8c47a-12f1-4dd5-945b-aa3a37df7140
clem_extrem,e9d8a799-212e-42e6-8cb0-020e4a7349e7
clement6619,b9b2413a-fbad-41b7-9f79-cb975c6b3442
clementchef,75621a4f-a318-48f5-af70-b7f04f562d5f
cobradu92,79ef9598-d79d-4c3c-ba6c-93114db2ae31
coca760,f98de9c1-67f3-475d-b86e-e9bac2f5d91a
cocashowyt,0b7ade01-b6b4-4f31-aa19-c24b06efe142
cocoking2001,d80e87b8-e9a4-48c7-ab90-aa2dbb2fa186
cocolel22,8b61156a-7d99-40ab-be3b-6e909e98a5f5
cody_14320,3bdeaeef-50bf-4895-9447-bffcbcfcf6f1
coincoin41,7eee68b5-f673-462d-8905-8d20071e526e
cokaiin,e2b1c1c6-dce1-44d0-8201-3a2d22046593
colinlennon,ff6e6f06-eb88-43cf-b61c-ae30b88572bd
comanchero,c4453f2d-4b12-4e35-b8fc-e8a4157efdef
combattant31,81fd514a-2e25-4c9f-baf6-0a54a3bd81e8
conspiraaa,f2a581ee-243c-4bc3-8579-da09c17d6ebb
coolixoo,43e41afb-dce0-4e5f-815e-50855769c936
corentinmotar,39647be0-775b-47e1-b815-88250d330b07
crakeo,372d4a88-3c9f-4531-9625-83fe086631f1
crapulo,9b8debc9-3bcc-4a7c-b258-a44f08973f36
crepper38,31df846e-1f09-45dd-ad1a-1a875aa16f06
cristo0526,dec66b53-effe-45ca-b28f-6d014616763d
cronibus,fb988293-61bb-4858-bda4-1a16fb53e080
cub3_g1rl,97b207fb-84fd-4110-ba46-97b13b88ecca
cubacraft27,544be856-30df-45f4-8096-209af2fa8177
cybergladiator76,214ba324-0e3a-40ca-9e11-1f36a20ded2a
daitcraft,d6a8a5cd-8fa0-4927-9f37-9baabe0b4809
darkaurel,692dedf0-b385-4983-bc47-a5f44ee7080f
darkcouscous,80d427e2-f1df-4317-ab1a-cb0429221fc0
darkdeath85,598ce3ce-4bc8-4ef9-9384-ee59d63f6429
darkkilian2003,ed7c6a88-74ad-4940-b641-8215640d9d8e
darkwin50,d1085424-8385-40ff-aa1d-b491564dd70c
das54,4642786b-5444-4814-ac3f-155799b2b45f
daxterman_gamer,7f494b1b-c9f0-472a-9449-049cf96f4dd8
defdef51,75ff7571-b21f-4f41-880c-08ea060fd870
defidegue,3b1282be-2dfb-4dc4-93a8-2cd1fb1c5709
delphathepony,bb8c694b-8a83-47eb-b1a1-dc6123dae768
delphins59,03d25e38-697c-4948-bc0a-8f622bf7db5a
demestra,0725678b-eaae-48a0-ac01-3ff941bc21e9
demon_gammer,0fae2ead-28c2-4d24-87ca-12ca368dce23
devil_star63,a11cfe8d-3ada-4035-8c7a-289cfd78c669
diablotek,2446d74a-6f70-43bd-8f7b-fbadf6a8310e
diamant2406,6cadbcf8-cdbd-4290-9061-4e36ac9d7306
diamin1510,760a9711-061a-4f20-b73b-90c19528e9ac
diezel27,5f09a3f8-c68f-4058-bd3d-e944f49c92ef
digibixe,1fee44d9-2014-44ae-b1d8-79630b710da7
diirectone,01f55a7c-5ff2-4d48-afca-803e345f3829
dingoboss007,ec6d3d9c-35e0-40f8-b06e-91f6bf7fa20c
djoesaiyan,a7e35a10-ecd5-4416-a092-b14debe3b485
dodotrone71,bdcd704e-38be-400e-aec6-20464b72737b
donut_gaming,c7750c12-8715-4b03-aed4-b5d8f52b5539
dr_skryzi,b9a6e29f-7648-47f3-8a85-60da73eb0ca0
draggyfire,1b286c71-4b88-44f7-97df-bf04aeddaa0c
dragonborn_30,c9c0217a-15a4-47e5-8588-9ecc3c33823d
dragotrofort,68309b88-5f0d-4fd0-aed4-e3047dfd21e4
dralion6,5c323bf4-f92e-4084-b459-be050839f11e
drapty,975be2fb-0992-438d-bb12-b1f67f2b496f
drbenji,f85b1c71-b7b2-4d06-acd7-7bba09ff93ad
dreieon,ba5ead51-91e9-4d25-8829-8aee2917f422
dronem4,2ccb704c-71b9-42a6-b7a2-695e6d53711e
dunkelzan47,2cfa60cb-35d3-4834-baf2-1472ee40e9e7
duples33,b8d8f126-4bff-467d-a666-d1a8b7283a5a
dxcraft23,3b995a60-03e7-47f8-af1b-04aac6178992
dyjo78,2fdf50cc-8cbe-433a-bab4-55c2966581b1
eagleliot,b3a33366-04e4-40ba-8d26-1ebeed0c384f
eldra556,15b9aea9-82c5-4cc4-95fc-b7f9f6a2b096
elecbob,d74185ed-a0a9-4be4-a464-85c0f2ea9d26
elfenomeno,79dba39c-f4ed-4522-bf70-1475af083cc2
eliotelioteliot,28eb3e64-027f-4892-acce-cb32b80b99b0
elxetair,135cf624-2c5a-4b41-9a42-69b687e165a7
emy_weber57,8230d641-21eb-41e0-9a63-13e8d1c507f7
enicedem,04d15d17-b339-426c-8526-38a5942f4f8f
enzololo27,ac7bfa0d-98d2-45de-8a02-0ed2081d5c74
enzolostuzzo,f9b04129-7b45-4f8a-a775-aba4035a5ab2
ericsilver30,a61f0bf2-5d65-4298-a352-8801348cae92
eroz_pvp,e9764998-b4fc-4b16-8208-5651659741fa
eternityway,e840a5df-5b63-4c74-a698-ca3cf592f26e
evandangerous,0cbae333-604f-410e-826b-b79c411e6c6c
evicraft94,70939a51-e81e-4a88-854f-f0aea403bc4c
explosifdu95,d3929802-646d-4c27-95a4-11396ace00da
eyesofcreeper,aca55782-e9cf-406b-afb1-91bb1c424212
falconetime,c37aebe2-dd19-4889-aa99-4b84d3f60c09
falken_gaming,1853e900-0e15-479b-87c5-fb7e4f0ab765
farzdexi,88bf7066-e798-4585-8ab9-830792738dce
fatalstan,5f9a9d56-31a8-4bb2-a7a0-0430918ff85b
fatalyser,49c33255-dec1-475f-9448-a9cbff40492e
fatlol,13bb8e00-0f90-4e3b-b6b9-c1e056462bb3
fcgb1309,3993f1ab-ae7a-4e30-9f47-3b49319e8ab2
fdemie,e22b197d-ef23-4a54-ab01-adcad52209dd
fifi1900,5c4b972f-2f89-4305-a8a5-e611cd7c46e0
flavien166,d9d73566-5595-44f8-9b15-97906dbc6777
flaze_diinamic,4b7c4d3d-4b4b-47e6-89a6-6ae4573321f6
flazzbann,3c8a73c0-443f-4a75-ac1d-a3dee396893a
florian122012,a0f6ed0a-e764-4144-ab5a-5819fea0e070
florian3137,1ebe1428-a1bd-4aca-a410-67762ac3d9ed
florian_57405,be0d33c5-92c5-4de4-ad5c-a2f5c3659e75
footballgirl201,071438e3-03ce-4da3-8ca0-f359716de138
forax66,69c7a2be-daf4-4111-889a-5a6eb57945e3
foxycan,bf056852-9e2e-4888-89d7-6f61b0f35aa9
frapax,ff8a942c-1b55-4168-bed1-1911568d89d4
fraude27,2bd6f762-d341-4a63-a0cf-85a43b915285
frayting,eb53ac9e-8b9f-436d-9556-16887efde2d2
frederic2ec,dce1ef82-b1be-458c-b8e6-06fff478df9a
frirub77,10af6e5c-5f2f-4984-9d71-8ed1aef7164c
froshgaming,ed4eb1af-d802-4ed4-8416-61d859620731
fudi112,bd3143fa-54dc-4a2d-85af-2a84debcdaa0
fyrod,a31cdfbb-e39f-4034-b5b3-9fd5a37d6045
gaillirions_pvp,70960e74-7ef8-4f47-9843-e23a19e26a2d
galacticpeter,0998dbc8-1207-4a2d-9253-9057cae28af9
galactik11,4878fb6c-017b-4d5a-a1e2-749c5be12d06
galaxicash,8165ec09-7417-4a60-9f67-35a5956db7b3
galitofr,f26d761f-27ed-455f-8c52-f5e935d92d9c
gamer_06600,c3c6a3b0-7bd4-47d3-8745-8877fec6a864
games_c,283c30da-eff3-43d9-9c47-8b84a679cd6d
gameurdu42,5b133de6-0e54-434d-9976-fc04f3cfd897
gameure,2396b63b-c3f7-4a7d-a871-6eeb0e980124
garfield68,241871c0-5847-4960-9a6f-cc473a940a59
gealbenj,0fcdd2f2-91ce-41a3-8ad7-3fcef677418b
geek75,291a7651-3c18-41d5-a284-ec2bdd37adea
geekman116,2ea80376-89b3-4fc6-83c1-4a70f6833533
gelko59,22b34f94-6c1f-401e-966a-a96fed81bf63
ggauchar,091469e7-cb3c-4721-b935-7765cdeb6f48
gilberttrod,673a77cb-acd5-4a72-9109-17a6825c9fb4
gimmy56,1dcc6ee4-2b2f-49ee-b3a6-88580996393e
giogio77200,d5240ba3-f031-44f7-ac29-31b7a1a0fbc9
girlgame,844bd74d-4e76-4744-b68c-e480242ec146
gneuuuu,d7c4d4e8-1a16-4f84-9ec8-526a9eeb59ed
gobou63,0d3ba318-e590-43c1-bca4-7df1224e6232
goboumat,1bed435e-af86-4b3c-9d51-03d0a3a7df50
gogodemonh7,8506c655-5da4-4c25-ba0a-568bcd73ce51
gopaxii,0ce448d7-40a7-4d88-8ff4-5d485ae65d3b
gra_vitty,fbcf8c36-c843-4a09-8b86-2f79274da3c0
griffith,93cab008-bdf9-4a55-86f8-1f4ec020d1eb
grolaw,de947f53-aa2e-4d70-af64-976405064723
gromak,00755bb2-2c21-4f34-bd0a-6bdc6dfba777
grostapeur,30cf083b-4116-482b-98da-5fd410d50260
grunt1,2b9e25bd-5871-4301-a570-62e4bc34770b
guiliancd,fb1e0150-05b9-48d2-9808-b0b2a590952c
guimauve234,6deeefcc-0a59-4903-bfc8-8d9b606a4eab
gullum45240,8da47537-6d6f-444f-89cb-95a37811c69a
gwla74100,7bc4c882-213f-4bbd-8740-625854e37170
h157100,a5fdfdc3-9d8a-4eae-abdd-72f7b73b9d83
haendril,f0c580d1-aa72-4c8a-9f36-ad50381357a0
halk,ebcf4694-49b7-47a3-ba5f-33f20b718492
hanarchie65,4b00f2e6-f6a8-422e-afad-0364ae06264d
haron83310,4a59874c-d739-4f24-9b89-69d7d3d74fae
hechec46,11d2be23-36ca-43b2-8d43-7d97014af7d4
hersest,6b02ff54-1815-49ec-8394-a139653aa843
hervedu44,6abc4763-bb61-4a3d-ab45-43885a2b2569
hilos,eb05d999-5ad9-422e-bd1f-6c8daf0f6645
hmzplayer,912e07e4-340d-4910-ae13-d0b67a25fdd4
hoginfinity,e2e84d51-f306-43ac-92d6-004ca73d2c92
hopper_f,062494f8-0aa1-4ea5-802f-beb3f1591f17
howly_baecon,22c85407-9825-4820-bd11-2c57ab5f1cd2
hughughugo,c748f0ea-f304-4c06-a71c-654d973cbb8b
hugo97ds,9798f1fa-ae28-4023-b932-de55046c4981
hunkdeathcrack,5e469114-fc5a-471d-8127-aec16b279b2a
hykee,69af59b0-8360-42a7-a8b4-a5a54622863a
hyper27juld,be3ddac1-daab-416c-b382-ae9b4071d272
i_kill_for_win,15a3a367-3c55-48f1-8fd7-d575d54e8b30
ianisgaming,f9623c69-b963-467a-8b42-bbc8f9a9ffbe
ice_ragex,06c5e808-a2f8-4c0e-85c6-37206f984253
icerech,4878fb6c-017b-4d5a-a1e2-749c5be12d06
ilyes1505,72a5d3da-d27b-4771-bbc4-433e1789c77f
imaaks,2d314191-4903-43ec-954a-3ca60d85cf2f
imcrashed,3ca6503c-8a56-4430-a7df-2e6a2ae4d7de
imliqm,f164e142-0386-49d6-bc95-d831b3f4f41f
inconue,52182a67-5ad1-4ff4-80ea-b1f0bfd26739
intisse,2e979547-a60d-4fc0-abb6-9c6e1a1efe6c
invassible,84dcab9c-7f59-4722-8f9f-527bada3ec02
inzaho,1c47f28e-37e3-4c80-bff1-4e55aee883d9
ipr_skese,0f33e072-50cd-445c-bc33-8f320fcadc5a
ironman78,52984eb1-99bd-4eb4-9a66-16293eb17fd5
irvin49,f5fc298e-fbf2-4217-bbbb-91abfe22ee4a
isix44,550e1688-d922-44b8-a838-85c33ccade93
iskriv44,4a27493f-2155-4145-a1dd-d0171f278b18
iss8,53a202d2-9851-4e4f-9b05-d3ae38c428d7
isweatz_,8d1346a9-1c0c-473b-be7c-dfa878696929
isygamer,c3bd4b44-f57c-406e-8048-3226e5e82bcb
its_nesquik,373ebeb2-16b5-4715-84ae-8862688c8501
izainox,059bdaf0-a21b-4b58-b2dd-e634b1c4d15b
jailradjou,fb4c52a9-e417-44e9-90da-c48755efa606
james64200,b1495eaf-7976-4a57-9dce-f5e0dec04897
jautoetallorjtm,f7b33efb-7d02-4d9c-92c8-aa707252b67e
jejeworld,a3259826-4d37-4469-97f4-b31f5592432d
jeralima,0fb2294e-2108-4c06-ba2f-226ebc6e2688
jessdes,457710f7-b541-4fcd-a9f5-14232e6dac38
jevano,dfe1f226-5441-44f5-8ca9-89ed9cb14ff6
joelknutjames,1b4c96ed-d205-41c4-a431-4f13ff62c1b5
joesisi,ce0119d1-9578-498c-b776-e674c7fcf632
jogu3,4b2d5a1b-f091-4fbc-9b2a-6cb621f182cb
johnlekiller,d8216f62-7bab-4e5f-bb97-f802703d36ed
jojolapin98,9f1da66b-1e6b-43dc-bab4-28228d5f5482
jordan926,2929df49-7a15-43ce-8e0b-5de03132eee3
jordan_toto,727166e9-04cb-481c-8049-0879d825c5eb
jtlsim42,f614206b-32d6-43c0-9976-6a2d6892e816
jules28craft,349ecd40-1d18-4edc-b36b-83514a2903b2
jules_no12,8b7cd142-9197-4a3c-8d41-083f8244637b
kalioto,d167de82-7fed-4449-a134-834b0e52a9b7
kcnyck,78ce8989-d019-42ba-b0a1-8ee81d9dffc2
kekeschless,86ffc62b-cf6b-452e-965b-64886de72dee
kelen2104,499bc663-4a28-4308-bb5b-401b731646d5
kewyd,3ab571b1-3020-4165-be5d-0be942daee89
kilian06,2fdfe929-fb2a-43db-879f-a3bc00c53c03
kiliann1907,4dec7b23-d831-414c-ba33-120c66e635ae
killeurhedshot66,ae64d660-bacb-4445-8cb8-8b1f924b09b8
kincor,a774b844-57d5-40ae-9cd2-24b54a610209
kingleo84,0bbe9f71-5e97-43ef-8ce0-18c94816e8ec
kingmcmpt,6d13bf10-d27b-43da-9bbf-c3165dfbacc5
kingofdreams003,780552be-cc39-416b-9db8-1859f129e0d7
kissgirlz,fa9502e0-84d6-4542-95cc-b4352d133ebd
krom_truc,a99934c0-bb01-4357-ac89-83457c9c259e
kyllyboy,21e03930-935b-48a9-801d-c4a47d938d12
lakaross,394c7ffc-9c70-47e7-a001-4fba8286260a
lanana236,7f44ec21-a1b8-4d49-854e-b37d57ee9874
lapinou000,f38bea65-2c53-4faa-9aec-dc9063915699
laplongejr,ccfb4340-58c8-4a80-b2bd-79fd904a1d4b
laptitemort,760b1441-c0a4-4131-93e1-8574b6db7c77
laura__77,8d2abb23-e7c9-4e65-8a1c-e49275a055fe
lauralovepoussin,efcd9ea2-926a-46a4-b292-068ad3846e5a
lebgb94,d5015596-af25-4a21-b0bf-800dc2677ece
lefoudroyeur2002,1b040830-f6d6-4cb5-82a2-7436860b1943
leia9102,40b6a3a6-73ac-4921-92f1-cd9dd74ce3d4
leogzandar,662ae0ae-9004-4e7f-9269-89f57cc02c41
leonsauveur,50424832-0de0-4ecf-a269-4cd4a0b4928d
leptitmiche63,65693a95-95f9-4788-a92a-d33436c05c09
lescorpion91,286f6761-e8f3-4c1b-b310-7626cc17dda7
lifeguard83,1b0bbb66-0acb-4725-b0ac-c216c10249ee
lightangels,04b8f8ef-152b-4599-9e65-4d319970d1e0
lilimc,a2c1cb42-a279-406c-8502-ad9b402c1037
link7130,547d3903-17f3-4b8a-9ff2-d6ab0ce3b772
linkou1993,5a7bea10-f9a2-40de-a693-0ae379e2ab22
lntcraft,ae4c23ac-044c-400f-aec1-e8eebc015d16
logjess,b2e02894-45c5-44c0-832a-71bc09cbef54
loicyanor,6de8f445-63ae-4e7d-a1e1-5de398274042
lolkid04,7447c18a-e7b4-4f5d-92ae-acdddaaaaf4c
lord_jack_le_1er,0641e9ed-1e55-45f1-9e02-48e25426adc7
lordsheep,f3ae7443-ce1c-439c-a1ec-75538c5b50d5
louis1133,1eb4a0bf-0a66-4d11-8005-e31f1c8bbaf6
louis255,e52358f0-e05b-452b-8a68-286ac9e762cc
loulounours,fa458336-37ea-4c70-a51d-1f85b71634ad
lucas_build,ff5a30db-967b-4f95-9046-0c864b43de6a
luckyf78,749e0984-7445-4f45-ac94-75538f46f29f
lud76,e8ee44e8-0f8f-445b-8599-5f486922dfa6
lunaraircraft,31c5a26e-41bb-4e8b-b821-ad47fe344cce
lyccaon,7060ed2a-a3c0-4501-aadd-1d29fde76994
lyssandredu56,cc53254f-5c7a-4d49-b091-503e3c10d988
madman0802,cb8310f8-cbaa-4e72-baa7-c8c6d25d1f25
maelcollet,b0a5e7da-c92b-41df-9bc7-3c7b67514322
magmaar,3c392780-f483-4fcf-b9ee-b92d98b8c17e
manuel18500,6ff62cbd-fc1c-43ea-9e35-084fc56cd1b1
marceau972,3ec35cc0-94d8-4134-be53-3adb0e704cc7
mardena,d644aade-21b0-401d-a4dc-2bef4f1e28d2
margotte22,73a4c0e2-b10e-482c-933d-d26b52106c38
marius2034,2e7fa240-28f8-47f3-b306-62f839a8603e
masterpandaaa,a29919b0-bac1-4614-8c43-9f2f21d2edcb
masterpex,e07ea1bb-bd7e-4deb-9c83-a82703f01e1f
mat92380,4718ad68-8dd7-43b0-b3c9-c1e385fa0098
matchuka,b282cdbb-0cb4-4bb0-a30c-61fb3b62ff11
matham2517,91dac2a7-9bfd-4beb-9008-09e42a78b8b6
matheokiller59,6d88499c-a348-4bac-888e-afef7b3d448b
mathieu790,263ca49e-8d1c-4055-8cc5-49aca32bb64c
mathsim950,6b38d5c3-aa74-4dc5-9904-d954a7e84058
matt460,36b19719-000f-47cc-a527-213cb2bd819b
mattheo45300,fa8cac26-2545-47df-83c4-eae12b64546d
max633,351f15c8-2d4c-4535-acd0-154e92e1cfb6
maxence2005_54,70c2343e-4a5a-4ada-ad91-bf898cd4944f
maxime1105,8a4b0272-021c-4b07-a5fa-396e8c0d5e0f
maxisaim22,4ded0ea8-ecc6-440e-905b-35bea168ab2a
maxouland,9760c126-f48e-45ef-a3c3-aa9c9dae4636
mbodet6769,079b84a4-1820-4b24-9874-d25b9f294fe3
medium82,c12136bc-2615-4513-8083-2b1be54dbee4
medphyl,827a4350-1cb5-4463-9e1c-a713905bcb2e
megat,f9d6325d-d3cd-4e58-837f-4d1d2621614e
megatitou,3dd2887a-90b3-456d-853a-d3b8a9ec47bb
meio_shinra,f7eb4af3-5041-40a2-86c4-99775dd92dd8
mellisa,040c3684-b3fa-4aaf-b4d3-fa6e0b90c9dd
metalixis,eae93c76-5734-4684-841f-84fb2c3105dc
michel06,5692ca75-babd-4220-8f5c-818c40ae60da
mikuu1708,5a7b41c3-b057-4fd1-9662-7c6928fbdc42
mimi0283,e8fd7988-9390-4b13-962c-b817bd97200c
mimi240,75ae3368-49c2-4d08-9f62-36e24bdf3fb1
mimitalomite59,713dc76c-c177-4abc-9a96-65c442c02a42
minegamingyt,c19b0c6d-a64c-44e7-8c90-927dfae95b92
minerapteur12,adb33630-243c-4328-afc4-53581ebe41f5
mister_truc,0a9d09be-9143-4326-bc7f-e9182b98ef9a
mistercube44,847d13c0-da21-4321-b1e2-d730d78d8235
misterdo,5508ebbe-5115-4805-a120-f3541c70edee
misterjfk,ded8cee9-7e6f-438d-a66d-920f8fa2a41a
mistermax71,1d12f773-8200-49e0-8e05-0b4dfad57216
mistertroplol,f6b9ca9b-5b89-450a-9305-81c45a2a828a
misticman88,76f3e520-ac8a-4501-a017-f2e20944f824
mlleshana,ca7c7b8c-d65f-4307-8e58-1fb5544f582a
monsieur12,92414acc-9449-41cd-bd6e-53415599f29a
monstercrush,f3563d30-1710-4505-9247-1195ef66d078
montcourtcraft,611991d2-fa62-4b87-96a7-e77bfe86af9f
moonpicsou,ac21431d-87c0-4704-a679-64988ae49e86
mortibus15,e6c8a8c3-5add-4743-afdd-0127ab47b16d
mousemistakeytb,d9e6b5d1-0ca8-48cf-aec3-ed3a60295ff6
mozarrpvp,d22ca44b-22df-4da3-9bef-83c0a8895b04
mozart57,d62e588d-3e74-411d-b401-173d74c6cad4
mr_emerald_gamer,60b1052c-d13a-4fb9-bc0f-a3b964167bc6
mranonyme68,0a9d09be-9143-4326-bc7f-e9182b98ef9a
mrbn100ful,74849143-7f11-4ea2-9a2e-d81314fdb22d
mrbspeed,390fbf08-b04c-4ee8-b5d2-5372f85d5fb0
mrmeumeuh,8ab8d70a-0df4-44fb-b4c9-87adebcf4483
mrpitch42,76a484f8-5b41-442b-a99e-f3aee651d79f
mrred84,a41f436f-0a94-4184-a771-8f9a9a6b4923
mrsmyle44,a7327d6f-8b13-4eb5-9634-4d76e84414e9
mrsnickers99,fb77278f-9e58-4dec-890f-0a62eb0401c6
nabechtv,ac96645c-f560-4c67-b582-14a995f0eafa
nahalya,1923ceb0-c3de-46a8-9d72-c506b9548dcf
naivosoa,3ca66dc7-09b1-4489-8042-1a4ea43f3f72
nanodwarf_,a62884fe-23f2-4726-8d48-88ce8a67c114
naomasas,be495e9b-ff97-4b1c-8b88-de314c6395c0
nathan3007,248f09ae-c8a2-45a2-ab75-634beb713d9a
nathoulalegende,070b826e-1d48-4d60-9b41-9b3cb4b5e46b
naxolie,8b2bf975-0597-47b2-8c9a-24cca31019a5
nayas95,1010830d-e5be-48ab-896c-44f28a68de78
neerwan,93ab222b-b6cc-4433-be36-6e04eddbaf51
neewear,02644a65-0a9e-474e-8dac-92409dab7e39
nekrox,0b6bcf66-07da-4fce-a46f-9419b79b7bd2
nemesys_fr,8330b31e-2c21-4eb9-9fd6-c22bac0e4a91
neogreenstorm,cdc70115-f50e-4044-8279-9d313f145c71
neopika,776e04a0-9ddb-4a25-a554-3bacc2db54e3
neotidwa,7f4f1e8a-3080-4951-831f-93dc285350f7
nephilan,d9b6e9a6-5870-436f-be3b-c4597c1049f1
newkad,6773f278-39d3-4d7a-8d64-3eb8dfcb7b7b
nicomaman,2e8d4835-52f7-4385-8767-e79342fda38e
nicoword,c70185eb-2c8d-4d4a-a1a0-5d495220aff4
nomathur,acadaebf-05d1-4b34-abba-7aed10bfe9b5
nydou,72e02a94-c59e-4b60-81d8-59edd30e9379
ocytus,0111cc04-3658-4931-bf1d-061185655988
odc_soonvirus,bcbc5a90-7bb5-412b-81d3-7f8efd06a5d5
odinstorm7,6e6e81f9-d89b-4ff1-99b8-8c72566d2581
okazaki37,9d251e56-b278-42a5-8c75-437d41a63095
olymar,14a3acb6-a72a-4af9-96c9-6cb444ca4701
ombrume,a6c7804e-fa5e-4ca7-88c6-57987cd19d77
omega_zandalor,a1588a8a-996e-4c4f-8017-a5cb99dca599
oniyxe,5077ac70-6994-4440-be46-396e2f75d0a9
opeiz,3196337b-ec93-4123-86c5-96b4118db89b
optikarts,12abdcf8-44b0-452d-b71a-0d01779f46ac
osamcmax,b2619fea-87c1-4245-8b91-20c33ba217e0
owerload,886efdd5-f83d-479c-b64a-33fbc3b24e19
pactoxa,4149efa3-ef10-4312-8d97-736c9751a007
pal33,19597738-4287-4793-8a0c-d8085bfd69bf
panda_du_bled,9502743d-12f3-4633-aea7-c47a7deaebed
pandahorseca,6b303d76-b1e4-4fa2-bcd0-a75cd26f3777
pandorasdarkness,779706d3-1411-45cd-b2d7-e3d669a4c087
papadu44,47608c5e-2fc0-4596-992e-e92b4bbf61fb
paradis,5426411d-fca0-491c-929c-44f312dbf9c8
paradrox,9b0c0924-c777-4ca4-be03-00e5a9f0a5a0
pauldu13,b454ca92-9261-4d7f-bf70-4741004fc59c
pedo_dreyoz,2478dc7a-c066-46fb-8a94-886d8ce7c818
pedo_xeppo,46f47142-c91a-4836-93b2-4c3254d0fafd
pennyseven,2be17770-4b67-4a4e-b9b4-93127a56b698
pepi20022,0bbefc0f-ad17-47ee-a9c4-bd3cb42ed1c6
pepsiprod,de698d3b-d99f-4e08-9734-7a640e6ed6c0
perkytreyeur1,88e4c7cd-f393-43d2-9cbf-045c60c2cfe0
petizon02,252b39f6-419f-46f4-af94-58d82430b3a6
pgtfgt,d175d0ce-ee88-4012-99d6-4dff7e1a2c4f
phenixis_gfx,c346842d-bf5d-4507-9afd-d86020090fe3
phineasetferb,4a64835f-05b0-4f76-aa2e-e7234d2724bf
phyl83,e371a94a-d206-4ad0-bef7-7aea8a9e6ee2
pikolyo,c40cac3d-9780-489a-98d3-a6161337e52d
pintralot,c32211eb-faee-45b7-abb5-da42fdf3fe7b
pixei,c03bf57a-984a-4eb5-87f3-63fbcc137d7e
planetops,9dd630e8-8e1d-4211-b269-f56d4e61b0c9
plomaia,0b554f76-cb62-491a-bde6-0bf43cd46205
pointu57,5cdee8e0-cfc0-4e80-bb3a-f4ce79d4ed2e
poketeuf,60b9eecd-e312-4215-ae4c-0867bc4db483
powerness,bf483146-8d9b-4cf2-b40d-3ed327cc0283
ppito,b5c70f99-6f4d-4f25-b593-d5ae2cb0ac5e
primysuryoutube,6c7f1707-6118-40ae-bd57-0cfba92f6eac
proust188,394691e1-3a77-4e22-9d3c-03197b0940df
pyricias,04ee882c-e71b-4945-b526-5e04f19dbedd
queenty,66fc58b0-c1d6-4d53-8e9c-4cdde29e05d1
quent925,f07626c5-52a7-4c66-b01c-cf1ce2287990
r0ckkyy,180dc854-56dc-4a15-b6b1-65ebd001d44d
r12,aea313f3-8449-4a14-9cf9-0d591f67f4af
raphon37,b5a3a166-96db-4bdc-a4f9-81cfb302e6ee
rara800,39870e13-0057-4052-b35a-4cc47bb6c0f5
rayanea50,74a1c210-a55e-41c2-898e-4aeaf2e39cf7
rayano17,6733d511-1439-496c-b54d-3f158959b415
rayder_smg,104394da-5331-48e8-8f19-db078f5a5458
razen_pack,7a519314-34d0-4c63-a01a-043c83e4916d
rbk973,02644a65-0a9e-474e-8dac-92409dab7e39
reflexteqno68,0cd7ef46-4bdd-45de-b5aa-b47a83e35a40
remaxdu91,ba1604d5-7a73-4091-92bf-27e0c2020685
remilakers,99ee8f1b-993b-46ea-81c5-fc2530e41c5c
remyla,929bdacd-d52f-462b-8dfd-11646f83bf27
renacrus,c53b2d8e-4fd9-45ba-8994-d39de7789434
rex93rf,45fa1001-030e-4016-a852-50e721727761
reykzz,7b940020-dab1-40bf-8fa8-1f4463c70f4a
reylix,44f0ac7e-1270-462e-9314-8298ce5d4d68
right4life,82f0d1cb-b817-4195-baf8-82e216d3dd94
rivenfuckata,3c13238d-8e5f-4d51-9e5e-478e220423b5
robot275,39ad83e9-cb56-4b16-a6c8-88c0e433ff96
rod4401,63e7a954-b14e-49d3-9821-58134948b189
roiyles,b101b65f-c3b9-42d1-8dd5-a315e062d0b1
rom5722,5a4735e5-fbd6-42d1-a7e3-3501407ba654
roms_,6e86ebc5-fd85-4021-8633-91faca0a5a31
rouzzz,627e3dea-1584-41bf-869a-c53df3958e42
royal_creeper67,2f37be6c-39f7-41ed-9f2b-b83c90e17d27
rubengfx,f75ee576-755c-46fd-97e1-e73886ef42e7
rurukiler38,798040f1-ed9c-404d-b880-ac2639c442a1
ryfr3sh,76213519-2750-448a-bd8e-1b5ad9d55cfc
ryuubi003,12a1b032-6bbc-4034-863a-b3e85299f7e2
sahrtal,5ae28902-62a9-4a21-b3f9-dcc45309ad96
saintlouis,3bb061c0-4b20-4c1a-9862-f22fea7a27e8
salmonycraft,b400c94f-2aff-4023-b547-1e7ab1f012dd
samcoucaill3,ab3981f2-1bc5-4c00-92a4-fbf1cf689ef3
sami2101,45bb3612-a35a-4bea-a5b7-23b4dc475c6a
sandre310,5eb2845e-3e04-4207-957c-9f47048abbd8
sangatios,c20a1731-c6fe-430e-9452-2fcc7a367317
sanji59310,df61efe6-bb90-4dc6-8ba1-be34ae7d9371
sashed1,02d52851-f729-475e-a7e3-2c2d34b608c2
scorpion91,30e97004-c4c6-4ab2-b9a3-e3c3fe3651be
scorxy,0904a414-0026-4145-b8e6-3b1b6ea97971
scottlheureux,0550b580-3f66-4ef4-91f9-29b504388cae
scriiz,5d70263b-d39c-414a-83c0-4fbfe7d4bf7b
seb23100,20088e8e-96b3-469c-9abf-9533b9a727e6
sebigaming,c0194297-a218-4585-9fc9-b1df9fb79d0d
seblaxe,30cf083b-4116-482b-98da-5fd410d50260
seventiki,058c8788-77ee-406c-bb6b-bbed81d2b1a8
shinjiruakune,78293b90-3986-4f06-9c4a-48b278f0e250
shinyshadows,85adcd74-4601-4151-9a75-00ba4b955a6d
shoraxi,36b9ebe1-1a99-41e2-ab83-3228ae9a2e69
silmalmay,c07ae251-0721-4e33-a5ce-339e0772d59c
silvers4020,82850fac-fa19-4e55-8044-794a533e070d
sirvechs_lucyfer,526d1b32-9be4-4afe-ad93-1b6ebbf888ce
skealyx,262f6e0d-aac4-46e8-a91d-f77b637d5e70
skolll,b04fab7f-de23-4568-b0a0-aea5e67f9c55
skydioz,05451ed7-cddd-4a79-8c0a-2ac0820a2322
skysetv_,9af2c69c-ff97-4a0a-ab85-ad18cba67a78
skyynixx,896651af-992a-41de-963c-17df06161349
skzoo,87f06302-0691-462c-94c2-987b055bfa07
slyrush_370,0a6b987e-12ef-4c19-aa35-6e5383e44a6a
slyv59,00906242-0ee8-4a7f-abe4-91cb24b78915
snoobynick123,1daddd08-625e-41b5-9584-a55b6f9e20af
solal109,7fcc2aea-190c-4912-b9c2-6dbfd9b6de54
sopra2107,dae48358-769e-454d-bd3b-97d7a02c2773
spacefockuz,a58e6aad-a686-415c-a732-8dbcfc13ee42
spacemiss3,74f661b5-f3b6-456c-b447-df731627155f
spikny,6080dfd6-d7f8-48dc-8ab7-3a81639754a4
starkiileur,23bb5bfd-d6c3-40f2-870b-445a0c4b7bc0
starkinder,58e4a0f8-3051-4f25-b353-323c9405262b
stevejutsu,1f88c359-4b61-4477-a81d-b013915f9d45
stever63,71ff42e9-fe2d-4dd9-b648-74aa525c1086
strong000123,565e9560-151c-4e9b-9bd4-58a6269372b8
suim67,c49298c1-e31b-4b0e-9da8-e4852abb7d41
sup3rl0l,3f75a249-021f-4399-b530-5dcb33457736
supertv6,0d495381-20e2-4819-991d-1e1f98617451
sweetendless,8a4aa5e3-1393-4f6c-8c32-9395c2c55f1a
swootch_3000,949c6c99-f8fb-4168-af2a-6708634193c9
sxoxygen,63acd48a-76d3-4011-9363-e9a771f4b0fa
syaron,d75c2c13-fa71-43ef-9e40-d0f1ed260c4e
sylenphoenix,f5052b41-5bc0-4981-ae60-b5cda4dc94f3
tadia4ever,58d43b22-5355-477e-8927-20929645e9f5
tangjuyo,e06c3843-432d-429b-bf65-a59d70030903
taobleu24,94242016-1ae8-4ab6-afd5-1a2bf0f6a34e
tarti38,ea6adff1-5d25-4f80-84fa-b93d8335d5ee
tblack789,24831a30-126c-4c78-a35b-087dbcd8af5f
tdrieux,c18cc5ae-9004-481c-9038-5ced0b646c68
telsaro,b753d948-0d85-4afa-b781-75be746cdd42
tetsu_51,02d52851-f729-475e-a7e3-2c2d34b608c2
thayboy,9c587e4e-1e9c-4e85-a84a-6c09caced84e
the7tane,4ff25f03-c72d-4dac-9e6a-0b5d54becf89
thebarxxis,706d8657-1957-43fc-bde0-2ce0f04c2f78
thebigshot657,5b3449a2-e066-4b3e-abb3-00c390388b27
theboyfire25,47e80392-3b8d-45da-9066-e8e6f2c1726a
thecarnage2002,bb649a93-ccd1-4c6a-87f6-ef4aac2d5083
theclem15,391d6bea-095f-4056-a429-3440990577a0
thecrackeur123,16c8e86a-0c24-42ac-9ad2-9ac88eed6893
thecubiti,f0985ecf-4388-4417-85df-d72283e76b26
thedragon1908,b7aac5e7-acbb-4f81-940c-b8d7e393295b
theepicenderman1,509320b9-04d6-4895-acf4-34c253d1c542
thegameur76,aa0070ce-55e6-49e0-8956-7c47d31d89fd
thegreatoms,c038c1a3-993d-431f-9808-bf9118a925ab
thekiritogame,c1191d19-a1c9-4c61-94e2-f6289f928164
thelucas12,074460c3-01fc-4aab-94b6-3af69008cb9d
themincar,d550ccf1-5eae-4025-9467-3c52781fac07
themistercrips,90dddf81-da88-446a-a67f-e808f11b8cdf
thesaturne,b75e7aa0-7273-4e81-b054-e4debd3d10a7
thibault0706,567f1195-9543-48bd-b333-c8d0b5974b83
thisgamingfx,323a0174-502f-47de-a095-ec5f9bf355fd
thomas62thomas62,6fa5dca2-f21b-4c10-b98e-85915b8985de
thomas_4668,8161fa0a-7039-43ef-bc14-32314c801644
thomasvitel14,8433149a-d617-4816-a898-669cd3593622
thomx31,9e2423ac-6797-4598-a320-549f4eaf20ee
thor_axe67,2072c896-8484-4382-b6da-91164eb83810
thysma59,b40c320d-e9c6-4e83-9d0c-36981caa2c29
tieumz35,d6b5a2e1-4a47-4a4a-a421-748eee318071
tigerwinz,cc8416ef-01ba-441b-8bad-20a15fca9fae
time704,98e470f3-69e1-476e-8427-9a36228aefb5
titosoft,9c76a76a-5710-46ee-a381-5ec4d76b31d6
titou950,b7039216-b369-45bc-8984-f50c726408f8
tntmax64,a189a6ad-d03d-42f8-a974-5b4a69b89df1
tom_masther,12089977-22e7-49ae-b243-5f8e0c9cb119
tomferriere2004,0e05a785-3628-494f-a7db-eeeec612e91f
tommatnt,1372153f-9d8a-4136-993f-f9c7cfa291a5
tomy_slim,2d75e315-a64b-485d-b353-681745bbf7a5
toto215,17c98dec-a257-4706-8f92-8a1302b0c0fc
toto731200,6f393332-71c2-4591-931e-f0bec16b6d9b
toutoucraft,33a477e1-b786-4f36-9a0d-16d41c089d20
trash4kill,b445086e-3ed0-4427-a82c-b7e5fbbe8c2f
traxeo,f29bd342-cea7-4938-ba72-37abd39f65e7
trevern,c549aaec-82fa-4671-bf17-3098a84d7651
trihars,cbdce071-ff22-4f4b-b248-ad08e328c692
trotistyle,93fb0a68-2cda-4a95-bacf-c92babe51fb8
tweazy_smash81,9e63a509-e07b-4214-b67c-f37c06fa7dfd
twiz_gaming,8bc01b09-6075-4877-8309-f41d9a573954
twiz_pvp,8bc01b09-6075-4877-8309-f41d9a573954
ukulailai,727debd9-0a1e-4621-adee-efa0a3f14630
ukymelba,ffde9d1f-31e0-4360-8f85-2f971f86d538
umagual,2accd962-ce7e-4c01-9081-6b9bd797b1cb
undersore,4f8b1ba0-4273-48cd-8fb4-f1ada2c7a7dc
unfilldesire,8b91f430-0ef9-407f-a829-e4e8aa9c28e2
vaanka,241978b8-89fe-439c-8162-2b9dadf5620c
valou1807,e355cfa8-2a04-452b-aaa3-80c6f14ecc1d
varalum,a850bfe1-82ec-40a4-b941-86296975dd4d
vicksystheouf,e98cbd3f-df54-4002-92c1-9945194349cb
vicksysyt,e98cbd3f-df54-4002-92c1-9945194349cb
viclang,f7e1d1ac-6a25-4539-8135-791b719d5cca
victor012006,f46263ad-9835-493a-af51-455555fe578b
violetta30112,e9fac6dd-3444-4e8d-8098-73a8a5896bec
virtuozwf,5ffc6d2b-36d9-4bc3-bc5c-11c3fab4c439
vivianvalery,d1f7cff1-7805-46cf-8a2e-3de3286ce5be
wasabii_,cbd9143e-37b2-4bbd-84f8-7d61e3d6106b
waymix,8afa4fe3-a45e-4a86-beef-24dab935db7b
wazalove,88e3bbdb-f50c-496a-850a-c8d7a5df8773
wilboy2003,99cb0f8d-3a64-4990-9be7-b85b6d4f9a5a
wither_killers,e183c603-24f9-47b4-8ad1-9ad9ebb4ae4a
wsalf,bb4b4b14-6fd6-4c0e-b1b3-93fbdebff2ad
x206499,27620a53-03e0-48bd-a7a6-0d6d98495f6a
xao_paiq,2285d51a-729a-4d8e-82ed-ae8998ffdc00
xavierdl,7c681a09-121e-49a4-bc12-357969721ebe
xdgamer14,507d802c-d9dd-46fe-84d3-9a15b2098784
xdworldfun,4d5254a3-c730-43ec-930c-c403acfdadd6
xen21,a8934daf-939a-4f43-b08e-80dd615c265b
xen22,004d94b1-fd1a-4e06-b3fb-576ae75a8a81
xenics_named,aaeb8b6f-584f-4397-a6d8-9717f8d1eb1b
xenics_yui_chan,798040f1-ed9c-404d-b880-ac2639c442a1
xhork,13e30d30-0056-4038-824c-2964b7718552
xixou27,0e72ff2d-743b-4df7-8c4c-19329032c689
xlinax71,93f8362d-2a31-474d-bf5e-d306964e2dec
xvi,449016d2-8b84-4b1e-aab7-e943c8e3a1c5
xxarthorxx,93f43d77-b16f-4675-a691-73d4f574ce96
xxkekxx,168f78c2-9c94-413c-a081-54f7952aefb2
xxsir_patatexx,48fbc7bd-ae75-4d9e-884f-02669aabbf45
xxsnake47,5cfe4322-c6e1-4f1a-aca3-67612f378498
xxyanisxx27,614b6e86-3e83-404a-bd50-933a76904602
yami_kage,54bd9f89-427f-421d-b48a-a93abdc94a3e
yanyanones,4d5254a3-c730-43ec-930c-c403acfdadd6
yezok,e2a28b79-10b9-41d0-8be3-24eb166d896b
yshow,fd68acc7-ff1e-4926-9d92-484f5a77e0bd
yukiolyon,93040dd5-d472-4ea9-ace6-600cfdc94465
zacharie35,efc3dcd0-a22b-4364-a30d-cd4731bb21fc
zakariya83310,69150c3e-adb9-4a54-b8e7-d27f264c6a75
zartnet,3b5cab14-5a88-4006-b9a4-036ce03ff28d
zelgot,1c476199-3e87-4e23-8b5a-ed35f6e42271
zeterack,0c2c99e8-7900-4840-9fa1-fb9a83e7b1f8
zewinners,47470b0b-21b4-4ec1-9fe2-04189fdb5a04
zigginet0,fe50a579-6afc-4101-bfba-57ccb5cb442a
zodiack34,65af60ba-f070-410d-a4aa-f0e8352d7db7
zombie71127,086b2892-c474-458e-9bfc-9c4bc2dcaa12
zorolia,c5e80c67-4f9e-449e-bcc4-2aaffc0f3856
